{
  "_fv": 5,
  "_type": "achievement",
  "definition": {
    "achievementName": "Stonks",
    "achievementDescription": "StonksSelected Would Be Proud!",
    "achievementIcon": {
      "value": "Items.PAPER"
    },
    "background": "Default",
    "disableDisplay": false,
    "showPopup": true,
    "announceToChat": true,
    "hideIfNotCompleted": true,
    "rewardLoot": [],
    "rewardFunction": "No function",
    "rewardXP": 100,
    "achievementType": "challenge",
    "parent": {
      "value": "No parent: root"
    },
    "triggerxml": "<xml xmlns=\"https://developers.google.com/blockly/xml\"><block type=\"tick\" x=\"47\" y=\"50\"><next><block type=\"advancement_trigger\" deletable=\"false\"/></next></block></xml>"
  }
}